{"position":{"x":85.27604675292969,"y":22.933698654174806,"z":58.966922760009769},"rotation":{"x":0.0,"y":-0.44619709253311159,"z":0.0,"w":-0.8949347734451294},"velocity":{"x":-0.000021378256860771216,"y":-0.000028371810913085938,"z":-0.00003801010097959079},"currentCameraRotationX":13.787450790405274,"EXP":28,"Health":20.0,"BagObjIndex":0}