{"position":{"x":81.30176544189453,"y":22.855518341064454,"z":56.00772476196289},"rotation":{"x":0.0,"y":-0.59919673204422,"z":0.0,"w":-0.8006018400192261},"velocity":{"x":0.000005026852250011871,"y":-0.000046700239181518555,"z":-0.000030191498808562756},"EXP":91,"Health":20.0}