{"cameraMode":{"drawMode":0,"name":"Shaded","section":"Shading Mode"},"sceneLighting":true,"audioPlay":false,"sceneViewState":{"showFog":true,"showMaterialUpdate":false,"showSkybox":true,"showFlares":true,"showImageEffects":true,"showParticleSystems":true},"in2DMode":false,"pivot":{"x":83.68975830078125,"y":26.600109100341798,"z":64.82373046875},"rotation":{"x":-0.19988830387592317,"y":0.7989171743392944,"z":-0.37592899799346926,"w":-0.42479896545410159},"size":9.326424598693848,"orthographic":false}