{"cameraMode":{"drawMode":0,"name":"Shaded","section":"Shading Mode"},"sceneLighting":true,"audioPlay":false,"sceneViewState":{"showFog":true,"showMaterialUpdate":false,"showSkybox":false,"showFlares":true,"showImageEffects":true,"showParticleSystems":true},"in2DMode":false,"pivot":{"x":79.39750671386719,"y":15.161025047302246,"z":68.6219711303711},"rotation":{"x":-0.2988602817058563,"y":0.18092265725135804,"z":-0.05781694874167442,"w":-0.9352063536643982},"size":18.568408966064454,"orthographic":false}