{"cameraMode":{"drawMode":0,"name":"Shaded","section":"Shading Mode"},"sceneLighting":false,"audioPlay":false,"sceneViewState":{"showFog":false,"showMaterialUpdate":false,"showSkybox":false,"showFlares":false,"showImageEffects":false,"showParticleSystems":false},"in2DMode":false,"pivot":{"x":-0.11800575256347656,"y":-0.34770822525024416,"z":-0.13693499565124513},"rotation":{"x":-0.11004536598920822,"y":0.8875554203987122,"z":-0.2798120081424713,"w":-0.34906190633773806},"size":3.332923173904419,"orthographic":false}