{"cameraMode":{"drawMode":0,"name":"Shaded","section":"Shading Mode"},"sceneLighting":false,"audioPlay":false,"sceneViewState":{"showFog":false,"showMaterialUpdate":false,"showSkybox":false,"showFlares":false,"showImageEffects":false,"showParticleSystems":false},"in2DMode":false,"pivot":{"x":88.95030212402344,"y":22.7753963470459,"z":61.52241516113281},"rotation":{"x":0.40927886962890627,"y":0.5260130167007446,"z":-0.31959840655326846,"w":0.6735619306564331},"size":4.157328128814697,"orthographic":false}