{"cameraMode":{"drawMode":0,"name":"Shaded","section":"Shading Mode"},"sceneLighting":false,"audioPlay":false,"sceneViewState":{"showFog":false,"showMaterialUpdate":false,"showSkybox":false,"showFlares":false,"showImageEffects":false,"showParticleSystems":false},"in2DMode":false,"pivot":{"x":361.06787109375,"y":202.97183227539063,"z":0.014201521873474121},"rotation":{"x":0.14022737741470338,"y":-0.06529783457517624,"z":0.009269438683986664,"w":0.987923264503479},"size":0.9612885117530823,"orthographic":false}