{"cameraMode":{"drawMode":0,"name":"Shaded","section":"Shading Mode"},"sceneLighting":false,"audioPlay":false,"sceneViewState":{"showFog":false,"showMaterialUpdate":false,"showSkybox":false,"showFlares":false,"showImageEffects":false,"showParticleSystems":false},"in2DMode":false,"pivot":{"x":-0.9201958179473877,"y":0.793149471282959,"z":-0.8294802904129028},"rotation":{"x":0.40927886962890627,"y":0.5260130167007446,"z":-0.31959840655326846,"w":0.6735619306564331},"size":2.1678197383880617,"orthographic":false}