{"cameraMode":{"drawMode":0,"name":"Shaded","section":"Shading Mode"},"sceneLighting":false,"audioPlay":false,"sceneViewState":{"showFog":false,"showMaterialUpdate":false,"showSkybox":false,"showFlares":false,"showImageEffects":false,"showParticleSystems":false},"in2DMode":false,"pivot":{"x":-0.8302821516990662,"y":0.06857642531394959,"z":0.019152462482452394},"rotation":{"x":0.06583639979362488,"y":-0.9257032871246338,"z":0.320182204246521,"w":0.19034574925899507},"size":0.8946707844734192,"orthographic":false}