{"cameraMode":{"drawMode":0,"name":"Shaded","section":"Shading Mode"},"sceneLighting":false,"audioPlay":false,"sceneViewState":{"showFog":false,"showMaterialUpdate":false,"showSkybox":false,"showFlares":false,"showImageEffects":false,"showParticleSystems":false},"in2DMode":false,"pivot":{"x":0.0,"y":0.004383638501167297,"z":-0.00018385052680969238},"rotation":{"x":0.19413383305072785,"y":0.3212887644767761,"z":-0.06747335940599442,"w":0.9244109392166138},"size":0.6308586597442627,"orthographic":false}