{"cameraMode":{"drawMode":0,"name":"Shaded","section":"Shading Mode"},"sceneLighting":true,"audioPlay":false,"sceneViewState":{"showFog":false,"showMaterialUpdate":false,"showSkybox":false,"showFlares":false,"showImageEffects":false,"showParticleSystems":false},"in2DMode":false,"pivot":{"x":67.39849853515625,"y":19.813823699951173,"z":41.99985885620117},"rotation":{"x":0.03063962422311306,"y":0.9693652391433716,"z":-0.1733919382095337,"w":0.1712886393070221},"size":14.552202224731446,"orthographic":false}