{"cameraMode":{"drawMode":0,"name":"Shaded","section":"Shading Mode"},"sceneLighting":false,"audioPlay":false,"sceneViewState":{"showFog":false,"showMaterialUpdate":false,"showSkybox":false,"showFlares":false,"showImageEffects":false,"showParticleSystems":false},"in2DMode":false,"pivot":{"x":-1.234891414642334,"y":0.8030084371566773,"z":0.00032598525285720825},"rotation":{"x":0.40927886962890627,"y":0.5260130167007446,"z":-0.31959840655326846,"w":0.6735619306564331},"size":1.5624005794525147,"orthographic":false}