{"cameraMode":{"drawMode":0,"name":"Shaded","section":"Shading Mode"},"sceneLighting":false,"audioPlay":false,"sceneViewState":{"showFog":false,"showMaterialUpdate":false,"showSkybox":false,"showFlares":false,"showImageEffects":false,"showParticleSystems":false},"in2DMode":false,"pivot":{"x":340.721435546875,"y":191.79783630371095,"z":3.1512703895568849},"rotation":{"x":0.14801748096942902,"y":-0.13601817190647126,"z":0.020558062940835954,"w":0.9793738126754761},"size":4.613489627838135,"orthographic":false}