{"cameraMode":{"drawMode":0,"name":"Shaded","section":"Shading Mode"},"sceneLighting":false,"audioPlay":false,"sceneViewState":{"showFog":false,"showMaterialUpdate":false,"showSkybox":false,"showFlares":false,"showImageEffects":false,"showParticleSystems":false},"in2DMode":false,"pivot":{"x":90.33113861083985,"y":22.27684783935547,"z":62.244869232177737},"rotation":{"x":0.22576554119586945,"y":0.7716966271400452,"z":-0.45473742485046389,"w":0.3830898404121399},"size":2.8812317848205568,"orthographic":false}