{"cameraMode":{"drawMode":0,"name":"Shaded","section":"Shading Mode"},"sceneLighting":false,"audioPlay":false,"sceneViewState":{"showFog":false,"showMaterialUpdate":false,"showSkybox":false,"showFlares":false,"showImageEffects":false,"showParticleSystems":false},"in2DMode":false,"pivot":{"x":-1.431822657585144,"y":1.6767925024032593,"z":0.006851181387901306},"rotation":{"x":0.40927886962890627,"y":0.5260130167007446,"z":-0.31959840655326846,"w":0.6735619306564331},"size":2.3713531494140627,"orthographic":false}