{"cameraMode":{"drawMode":0,"name":"Shaded","section":"Shading Mode"},"sceneLighting":false,"audioPlay":false,"sceneViewState":{"showFog":false,"showMaterialUpdate":false,"showSkybox":false,"showFlares":false,"showImageEffects":false,"showParticleSystems":false},"in2DMode":false,"pivot":{"x":0.0,"y":0.36196526885032656,"z":0.0005089044570922852},"rotation":{"x":0.20838595926761628,"y":0.7705477476119995,"z":-0.3113345503807068,"w":0.5156856775283814},"size":0.5271215438842773,"orthographic":false}