{"cameraMode":{"drawMode":0,"name":"Shaded","section":"Shading Mode"},"sceneLighting":false,"audioPlay":false,"sceneViewState":{"showFog":false,"showMaterialUpdate":false,"showSkybox":false,"showFlares":false,"showImageEffects":false,"showParticleSystems":false},"in2DMode":false,"pivot":{"x":89.19187927246094,"y":21.862512588500978,"z":60.501487731933597},"rotation":{"x":0.28569602966308596,"y":0.6309405565261841,"z":-0.2693488895893097,"w":0.669158399105072},"size":2.6573283672332765,"orthographic":false}