{"cameraMode":{"drawMode":0,"name":"Shaded","section":"Shading Mode"},"sceneLighting":false,"audioPlay":false,"sceneViewState":{"showFog":true,"showMaterialUpdate":false,"showSkybox":false,"showFlares":true,"showImageEffects":true,"showParticleSystems":true},"in2DMode":false,"pivot":{"x":86.6801528930664,"y":22.158044815063478,"z":54.199615478515628},"rotation":{"x":0.28114891052246096,"y":-0.008058715611696244,"z":0.002362204249948263,"w":0.9596308469772339},"size":0.8660253882408142,"orthographic":false}