{"cameraMode":{"drawMode":0,"name":"Shaded","section":"Shading Mode"},"sceneLighting":false,"audioPlay":false,"sceneViewState":{"showFog":true,"showMaterialUpdate":false,"showSkybox":false,"showFlares":true,"showImageEffects":true,"showParticleSystems":true},"in2DMode":false,"pivot":{"x":82.48441314697266,"y":22.121294021606447,"z":54.12327575683594},"rotation":{"x":0.17985202372074128,"y":0.8040492534637451,"z":-0.30127039551734927,"w":0.47999921441078188},"size":0.6540508270263672,"orthographic":false}