{"cameraMode":{"drawMode":0,"name":"Shaded","section":"Shading Mode"},"sceneLighting":false,"audioPlay":false,"sceneViewState":{"showFog":true,"showMaterialUpdate":false,"showSkybox":false,"showFlares":true,"showImageEffects":true,"showParticleSystems":true},"in2DMode":false,"pivot":{"x":0.29052734375,"y":0.7731971740722656,"z":2.603668212890625},"rotation":{"x":-0.007625986821949482,"y":0.9921606183052063,"z":-0.09794323891401291,"w":-0.07724948972463608},"size":1.007734775543213,"orthographic":false}