{"cameraMode":{"drawMode":0,"name":"Shaded","section":"Shading Mode"},"sceneLighting":true,"audioPlay":false,"sceneViewState":{"showFog":true,"showMaterialUpdate":false,"showSkybox":false,"showFlares":true,"showImageEffects":true,"showParticleSystems":true},"in2DMode":false,"pivot":{"x":77.96800231933594,"y":22.354999542236329,"z":60.17900085449219},"rotation":{"x":0.21639981865882874,"y":-0.3277706801891327,"z":0.07740116119384766,"w":0.9163789749145508},"size":1.125,"orthographic":false}