{"cameraMode":{"drawMode":0,"name":"Shaded","section":"Shading Mode"},"sceneLighting":false,"audioPlay":false,"sceneViewState":{"showFog":false,"showMaterialUpdate":false,"showSkybox":false,"showFlares":false,"showImageEffects":false,"showParticleSystems":false},"in2DMode":false,"pivot":{"x":71.20880126953125,"y":20.940654754638673,"z":69.43022918701172},"rotation":{"x":0.13199873268604279,"y":-0.12749846279621125,"z":0.017120832577347757,"w":0.9828718900680542},"size":4.532923221588135,"orthographic":false}